date_scraped,source,title,url,published,summary,engagement,hook
2026-01-15,CXToday,Unlock Contact Centre ROI with a Smarter Modernization Approach,https://www.cxtoday.com/contact-center/unlock-contact-centre-roi-with-a-smarter-modernization-approach/,2026-01-15T10:06:40+00:00,"The article discusses the importance of a structured methodology in leveraging AI, automation, and Workforce Engagement Management (WEM) investments for financial outcomes in the contact center space. It emphasizes the need for modernization in contact centers to unlock ROI. The article was published on January 15, 2026.",MEDIUM,Unlock contact center ROI with smarter AI and automation strategies!
2026-01-15,CXToday,ElevenLabs and Deutsche Telekom Bet Big on AI Voice Agents for Customer Service,https://www.cxtoday.com/contact-center/elevenlabs-and-deutsche-telekom-bet-big-on-ai-voice-agents-for-customer-service/,2026-01-15T14:16:41+00:00,,LOW,
2026-01-15,CXToday,Five9 Expands Google Cloud Partnership for Unified Contact Center Solutions,https://www.cxtoday.com/contact-center/five9-google-cloud-ai-customer-experience-partnership/,2026-01-13T14:54:47+00:00,Five9 has expanded its partnership with Google Cloud to provide unified AI and contact center solutions. This collaboration aims to enable customer enterprises to access integrated AI and contact center capabilities for quicker resolutions and more effective engagement. The partnership is expected to enhance the customer experience significantly.,HIGH,Five9 and Google Cloud join forces to revolutionize contact center solutions!
2026-01-15,TechTarget,CRM tools and strategy,https://www.techtarget.com/searchcustomerexperience/resources/CRM-tools-and-strategy,2026-01-12T00:00:00+00:00,"The article discusses the influence of various factors on enterprise software decisions, including governance, cost pressure, AI adoption, and operating model constraints. It also touches on the shift in AI decisions towards ownership, control, and accountability. However, the article does not specifically mention Contact Center as a Service (CCaaS) or Customer Experience (CX).",LOW,"Enterprise software decisions influenced by governance, cost, AI, and operating models."
2026-01-15,TechTarget,Customer experience management,https://www.techtarget.com/searchcustomerexperience/resources/Customer-experience-management,2026-01-12T00:00:00+00:00,The article discusses the importance of visual search strategies for e-commerce professionals and CX leaders to enhance online product visibility and customer engagement. It also mentions SAP's AI focus in retail vertical updates and highlights key CX trends that business tech buyers should be aware of for 2026.,LOW,CX trends for 2026 and SAP's AI focus in retail updates!
2026-01-15,TechTarget,E-Commerce,https://www.techtarget.com/searchcustomerexperience/resources/E-Commerce,2026-01-12T00:00:00+00:00,"The article discusses the importance of visual search strategies in e-commerce and customer experience (CX). It also mentions Salesforce's update of Agentforce Commerce with AI tools for personalization. However, the impact of AI on sales is still hard to quantify.",MEDIUM,Salesforce updates Agentforce Commerce with AI for personalized CX!
2026-01-15,TechTarget,Marketing and sales,https://www.techtarget.com/searchcustomerexperience/resources/Marketing-and-sales,2026-01-14T00:00:00+00:00,"The article discusses the transformation of Slack's chat assistant into an agent, the importance of visual search strategies for e-commerce professionals and CX leaders, and SAP's focus on AI in retail vertical updates.",LOW,"Slack's chat assistant evolves, AI in retail, visual search strategies."
2026-01-15,TechTarget,Slackbot's agentic AI makeover gives users their copilot,https://www.techtarget.com/searchcustomerexperience/news/366637263/Slackbots-agentic-AI-makeover-gives-users-their-copilot,2026-01-14T09:38:00+00:00,"Salesforce has begun a phased rollout of a reimagined Slackbot, an agentic AI assistant for Slack users. The AI-powered assistant, which was previewed at Dreamforce, can analyze user data to answer plain-language queries. It is designed to save time and can be connected to Microsoft Copilot.",MEDIUM,Salesforce's reimagined Slackbot AI assistant begins phased rollout to users.
2026-01-15,TechTarget,???filterType.???,https://www.techtarget.com/searchcustomerexperience/features,NaT,"The article discusses the shift in AI decisions from capability to ownership, control, and accountability in the planning for the upcoming year. It also mentions the potential of agentic commerce, like ChatGPT shopping, to streamline B2B product procurement, and highlights the successful adoption of Salesforce's agentic AI by two enterprises for customer service needs.",MEDIUM,"AI's role in CCaaS shifts towards ownership, control, and accountability."
2026-01-15,TechTarget,Tips,https://www.techtarget.com/searchcustomerexperience/tips,NaT,"The article discusses the importance of visual search strategies for e-commerce professionals and CX leaders to improve online product visibility and customer engagement. It also highlights key CX trends shaping the industry in 2026, including customer interaction analytics, autonomous agents, and AI-driven upsells. These trends could potentially boost revenue, cut costs and improve customer service.",MEDIUM,"Explore key CX trends shaping the industry, including AI-driven upsells."
2026-01-15,TechTarget,"Webinars, videos and virtual events",https://www.techtarget.com/searchcustomerexperience/webinars,NaT,"TechTarget's platform offers over 100,000 webinars, videos, and virtual events covering a wide range of tech and business topics, including Customer Experience (CX). The content includes analysis of market forces, traditional Accounts Receivable (AR) processes, and data security. No specific mention of Contact Center as a Service (CCaaS) is made.",LOW,Explore TechTarget's vast CX-focused webinars and virtual events!
2026-01-15,TechTarget,Trends and Innovation,https://www.techtarget.com/searchcustomerexperience/sponsored_communities,NaT,"The article is a sponsored content by IT vendors, focusing on how ServiceNow's IT solutions can help organizations improve operational resilience and employee agility. It discusses the delivery of modern workflows, apps, and automation at scale with a single hyperautomation platform. However, there is no specific mention or relevance to the Contact Center / CCaaS / CX space.",LOW,Explore ServiceNow's IT solutions for operational resilience and employee agility.
2026-01-15,TechTarget,Ask the Experts,https://www.techtarget.com/searchcustomerexperience/answers,NaT,"The article discusses the difference between customer retention and loyalty, highlighting the role of loyalty programs in retaining valuable customers, gathering marketing data, and increasing referrals. It also briefly mentions the complexity of sales and marketing terms. No specific mention of Contact Center as a Service (CCaaS) or Customer Experience (CX) solutions is made.",LOW,"Exploring customer retention vs loyalty, and the role of loyalty programs."
2026-01-15,TechTarget,Essential Guides,https://www.techtarget.com/searchcustomerexperience/guides,NaT,"TechTarget has compiled a collection of essential articles on key IT topics, including customer experience management (CEM). The guides cover technologies, strategies, and best practices in CEM, touching on AI, machine learning, natural language processing, advanced analytics, cloud-based tools, and workforce management software.",LOW,Explore TechTarget's comprehensive guides on customer experience management technologies.
2026-01-15,TechTarget,Customer Experience Definitions,https://www.techtarget.com/searchcustomerexperience/definitions,NaT,"The article discusses the importance of a 360-degree customer view and account-based experience (ABX) in providing a unified, personalized customer experience. It also highlights the significance of actionable insights derived from data in enhancing customer experience. These strategies are crucial in the Contact Center / CCaaS / CX space for effective customer interaction and service.",LOW,360-degree view and ABX: Key to personalized customer experience.
2026-01-15,TechTarget,Opinion,https://www.techtarget.com/searchcustomerexperience/opinions,NaT,"The article discusses the impact of AI on sales, the public perception of Benioff, and the rise of Adidas in the NFT world. There is no specific mention or relevance to the Contact Center / CCaaS / CX space. The information provided does not directly influence or provide insights into the CCaaS market, its trends, or its key players.",LOW,AI's impact on sales and the rise of Adidas in NFTs.
2026-01-15,TechTarget,Podcasts,https://www.techtarget.com/searchcustomerexperience/podcasts,NaT,"The 'Pipeline' podcast features discussions on the challenges of migrating legacy on-premises contact center platforms to the cloud, the complexities of CX measurement metrics, and the future of marketing automation platform, Marketo. CX expert Scott Sachs and U.K. author Adrian Swinscoe provide insights on these topics. The podcast also hints at what Salesforce CRM users can expect from Marketo.",MEDIUM,Explore CX dilemmas in migrating on-premises contact centers to cloud.
2026-01-15,TechTarget,Quizzes,https://www.techtarget.com/searchcustomerexperience/quizzes,NaT,"The article discusses the impact of AI technology on the content management market, with a focus on trends for 2026 including generative AI and agentic AI. It also highlights the importance of carefully evaluating content collaboration platforms for business leaders. The potential of a fragmented ECM landscape to support agentic AI is also discussed.",LOW,"AI shaping content management market, potential for agentic AI explored."
2026-01-15,TechTarget,Tech Accelerators,https://www.techtarget.com/searchcustomerexperience/techaccelerators,NaT,"TechTarget's Tech Accelerator packages provide in-depth information on major IT technologies, including how to purchase, manage, and troubleshoot them. The content is designed to help enterprise leaders understand the role of IT in their companies' success. Specific technologies or services covered are not mentioned in the snippet.",LOW,TechTarget's Tech Accelerators: A deep dive into major IT technologies.
2026-01-15,TechTarget,Tutorials,https://www.techtarget.com/searchcustomerexperience/tutorials,NaT,"The article discusses the impact of AI technology on the content management market, including trends for 2026 such as generative AI. It also discusses the evaluation of content collaboration platforms and the potential for a fragmented ECM landscape to support agentic AI. There is no specific mention of the Contact Center / CCaaS / CX space.",LOW,"AI shaping content management, but relevance to CCaaS unclear."
2026-01-15,TechTarget,Videos,https://www.techtarget.com/searchcustomerexperience/videos,NaT,"The article discusses how AI technology is shaping the content management market, including the use of plain-language instructions for tagging documents. It also mentions the importance of carefully evaluating content collaboration platforms. However, it does not directly relate to the Contact Center / CCaaS / CX space.",LOW,"AI reshaping content management, but no direct CCaaS/CX relevance."
