date_scraped,source,title,url,published,vendors_hit,keywords_hit,summary,engagement,hook
2026-01-21,CXToday,ServiceNow and OpenAI Push AI Past Chatbots into Real CX Work,https://www.cxtoday.com/contact-center/servicenow-openai-partnership-ai-cx-resolution/,2026-01-20T17:02:01+00:00,servicenow,,"ServiceNow and OpenAI are pushing AI beyond chatbots to address the gap between customer requests and actual resolution. This partnership could significantly impact ITSM, ITOM, HRSM, ESM, and EX buyers by enhancing automation and improving customer experience.",HIGH,"ServiceNow, OpenAI partnership: AI beyond chatbots, real CX work."
2026-01-21,CXToday,Omnichat Unveils Omni AI Agent Studio to Power WhatsApp Customer Interactions,https://www.cxtoday.com/community-social-engagement/omnichat-unveils-omni-ai-agent-studio-to-power-whatsapp-customer-interactions/,2026-01-20T14:53:46+00:00,sap,,"Omnichat has launched Omni AI Agent Studio, a tool designed to enhance customer engagement and commerce on WhatsApp using AI and conversational tools. This development could potentially influence the way ES buyers approach customer interactions and workflow automation.",MEDIUM,Omnichat's new AI tool revolutionizes WhatsApp customer interactions!
2026-01-21,CIO,ServiceNow will embed OpenAI models into its AI Platform,https://www.cio.com/article/4119588/servicenow-deal-will-see-it-embed-openai-models-into-its-ai-platform.html,2026-01-21T08:53:06+00:00,servicenow,,"ServiceNow plans to integrate OpenAI models into its AI platform to enhance enterprise AI outcomes and build direct speech-to-speech technology. This move is significant for ITSM/ITOM/HRSM/ESM/EX buyers as it promises to break language barriers and offer more natural interactions, unlocking a new class of AI-powered automation for large companies.",HIGH,ServiceNow to embed OpenAI models for enhanced AI-powered automation!
2026-01-21,HRExecutive,HR Technology,https://hrexecutive.com/category/hr-technology/,2026-01-21T13:00:43+00:00,,hr technology,,LOW,
2026-01-21,ITSMTools,ITSMArticles,https://itsm.tools/category/itsm/,2026-01-20T00:00:00+00:00,,itsm,,LOW,
2026-01-21,ITSMTools,Service DeskArticles,https://itsm.tools/category/service-desk/,2026-01-20T00:00:00+00:00,,service desk,,LOW,
2026-01-21,CXToday,Latest News,https://www.cxtoday.com/vendor/enghouse/,NaT,microsoft,,"Enghouse Interactive, a global provider of customer contact software, offers a complete portfolio of modular solutions that cover the full range of contact centre capabilities, including AI-enabled agent evaluation. The solutions are platform agnostic and integrate with various UC vendors, offering a range of deployment options to meet specific requirements.",MEDIUM,Enghouse Interactive enhances contact centre capabilities with AI
2026-01-21,CIO,News,https://www.cio.com/news/page/2/,NaT,oracle,,"Enterprise technology costs are rising due to vendor consolidation, consumption-based pricing, and market leverage, particularly for mission-critical apps like ERP, CRM, and data platforms. Oracle's investment in AI data centers may increase costs for enterprises, but also provides negotiation leverage for CIOs. Meanwhile, Meta plans to make its best AI models proprietary.",MEDIUM,Rising enterprise tech costs: Oracle's AI investment and Meta's proprietary move
2026-01-21,CIO,News,https://www.cio.com/news/page/3/,NaT,oracle,,"Oracle is enhancing its AI automation platform with new features like agent-to-agent collaboration, multi-LLM orchestration, and enterprise-grade governance. This positions Oracle as a strong contender in the AI automation market, which could impact ITSM, ITOM, HRSM, ESM, and EX buyers by offering more advanced automation capabilities.",MEDIUM,Oracle steps up in AI automation race with new features.
2026-01-21,CIO,News,https://www.cio.com/news/page/4/,NaT,salesforce,,"Salesforce has been acquiring companies to enhance the AI capabilities of its Agentforce and Data Cloud offerings. The company is also introducing flexible payment options for its agentic AI suite, aiming to lower the entry barrier. This matters for ITSM/ITOM/HRSM/ESM/EX buyers as it indicates a growing trend towards AI and automation in managing deployments and reducing total cost of ownership.",MEDIUM,"Salesforce boosts AI capabilities, introduces flexible payment options!"
2026-01-21,TechTargetNews,Staff report,https://www.techtarget.com/contributor/Staff-report,NaT,infor,,"The article does not provide any specific information related to Employee Service (ES) including ITSM, ITOM, ESM, HR service management, employee experience, and workflow automation.",LOW,No relevant ES content in this article.
2026-01-21,TechTargetNews,Alex Scroxton,https://www.techtarget.com/contributor/Alex-Scroxton,NaT,infor,,"The article provides a brief profile of Alex Scroxton, the Security Editor at Computer Weekly. It does not present any new or changing information related to Employee Services (ES).",LOW,"Profile of Alex Scroxton, Security Editor at Computer Weekly."
2026-01-21,TechTargetNews,Sebastian Klovig Skelton,https://www.techtarget.com/contributor/Sebastian-Klovig-Skelton,NaT,infor,,"Sebastian Klovig Skelton, data & ethics editor at Computer Weekly, focuses on data protection and the socio-technical impacts of data-driven systems on businesses and society. No specific changes or news related to ES are mentioned.",LOW,Data & ethics editor's focus on data-driven systems impacts.
2026-01-21,TechTargetNews,Simon Quicke,https://www.techtarget.com/contributor/Simon-Quicke,NaT,infor,,"The article provides a brief biography of Simon Quicke, the editor of MicroScope, who has over 15 years of experience covering the channel. There are no new changes or implications for ES mentioned.",LOW,"Meet Simon Quicke, MicroScope's editor with 15+ years experience."
2026-01-21,TechTargetNews,Aaron Tan,https://www.techtarget.com/contributor/Aaron-Tan,NaT,infor,,"Aaron Tan, a seasoned media and information professional with over two decades of experience in journalism and information management, has joined Informa TechTarget's Omdia research team as regional director for Asia-Pacific. His expertise in technology trends could influence future ITSM, ITOM, HRSM, ESM, EX, and workflow automation strategies in the region.",LOW,Veteran tech journalist Aaron Tan joins Omdia's research team.
2026-01-21,TechTargetNews,Brian McKenna,https://www.techtarget.com/contributor/Brian-McKenna,NaT,infor,,"Brian McKenna, a senior analyst specializing in customer experience and business applications, has worked on various Enterprise Strategy Group projects, including those related to ES. His expertise could provide valuable insights for ES buyers.",LOW,Insights from ES expert Brian McKenna at TechTarget.
